City,Lat,Lng,Max Temp,Humidity,Clouds,Wind Speed,Country,Date
Manta,-0.95,-80.73,73.02,88,94,10.16,EC,1592459192
Bluff,-46.6,168.33,39.0,83,5,3.0,NZ,1592459093
Caucayá,-0.19,-74.78,71.37,97,88,0.72,CO,1592459193
Ushuaia,-54.8,-68.3,33.8,93,1,3.36,AR,1592458860
Obihiro,42.92,143.2,57.2,93,75,3.36,JP,1592459193
Plettenberg Bay,-34.05,23.37,59.09,52,0,9.46,ZA,1592459019
Hermanus,-34.42,19.23,48.0,80,0,1.01,ZA,1592459084
Atuona,-9.8,-139.03,80.55,75,70,13.76,PF,1592459093
Butaritari,3.07,172.79,83.43,67,25,8.9,KI,1592459083
Lebu,-37.62,-73.65,52.9,87,100,29.17,CL,1592459117
Mahébourg,-20.41,57.7,71.6,78,75,18.34,MU,1592459097
Mazamari,-11.33,-74.53,69.21,82,69,0.63,PE,1592459193
Busselton,-33.65,115.33,55.0,85,20,17.09,AU,1592459086
Nikolskoye,59.7,30.79,73.0,83,0,6.71,RU,1592459083
Narsaq,60.92,-46.05,37.4,86,88,4.7,GL,1592459125
Rikitea,-23.12,-134.97,75.81,84,46,15.61,PF,1592459083
Sobolevo,54.43,31.9,70.48,82,0,8.43,RU,1592459194
Lavrentiya,65.58,-171.0,50.72,64,60,3.65,RU,1592459126
Pesaro,43.9,12.89,69.01,61,0,1.99,IT,1592459194
Yulara,-25.24,130.99,71.6,15,0,9.17,AU,1592459194
Beringovskiy,63.05,179.32,51.03,57,24,3.69,RU,1592459122
Thompson,55.74,-97.86,39.2,93,90,14.99,CA,1592459097
Belmonte,-15.86,-38.88,66.2,93,40,6.93,BR,1592459086
Kruisfontein,-34.0,24.73,53.67,43,0,7.38,ZA,1592459115
Vaini,-21.2,-175.2,69.8,88,40,12.75,TO,1592459083
Constitución,-35.33,-72.42,53.6,86,99,16.37,CL,1592459125
Batagay-Alyta,67.8,130.41,76.01,27,79,12.03,RU,1592459119
Cape Town,-33.93,18.42,50.0,61,0,4.7,ZA,1592458961
Clyde River,70.47,-68.59,32.0,97,90,5.82,CA,1592459090
Bukama,-9.2,25.85,68.99,48,35,1.9,CD,1592459195
Shenjiamen,29.96,122.3,82.24,78,76,11.61,CN,1592459195
Faanui,-16.48,-151.75,81.43,77,99,0.67,PF,1592459101
Sioux Lookout,50.1,-91.92,77.0,61,40,16.11,CA,1592459195
Jamestown,42.1,-79.24,66.2,63,1,5.01,US,1592459083
Tiarei,-17.53,-149.33,78.8,88,75,6.93,PF,1592459196
Hobart,-42.88,147.33,50.0,66,75,1.12,AU,1592459041
Upernavik,72.79,-56.15,32.7,92,0,7.16,GL,1592459108
Yellowknife,62.46,-114.35,53.6,54,40,6.93,CA,1592459087
Tekeli,44.83,78.82,64.76,43,64,8.99,KZ,1592459196
Selma,36.57,-119.61,78.8,46,0,4.03,US,1592459043
Ribeira Grande,38.52,-28.7,62.91,74,94,4.32,PT,1592459084
George Town,5.41,100.34,87.8,66,20,6.93,MY,1592459088
Provideniya,64.38,-173.3,59.0,58,4,6.71,RU,1592459109
San Isidro,-12.12,-77.05,64.4,77,90,5.82,PE,1592459197
San Miguel de Tucumán,-26.82,-65.22,62.6,55,1,6.93,AR,1592458902
Vodnyy,63.5,53.41,50.34,47,16,6.31,RU,1592459197
East London,-33.02,27.91,57.2,54,13,10.29,ZA,1592459096
Bredasdorp,-34.53,20.04,39.2,93,3,5.95,ZA,1592459093
Puerto Ayora,-0.74,-90.35,68.0,93,46,7.81,EC,1592459084
Barrow,71.29,-156.79,42.8,75,1,11.41,US,1592459104
Bonthe,7.53,-12.51,77.95,86,71,5.41,SL,1592459095
Hasaki,35.73,140.83,77.0,78,75,8.05,JP,1592459096
Noumea,-22.28,166.46,73.4,78,90,13.87,NC,1592459078
Ponta do Sol,32.67,-17.1,68.0,72,20,8.05,PT,1592459096
Gilbués,-9.83,-45.34,67.35,62,44,7.74,BR,1592459197
Grenå,56.42,10.88,64.99,100,79,4.23,DK,1592459197
Katsuura,35.13,140.3,77.0,84,100,2.77,JP,1592459198
Viedma,-40.81,-63.0,46.2,82,9,7.72,AR,1592459198
Airai,-8.93,125.41,68.65,81,92,5.77,TL,1592459107
Mataura,-46.19,168.86,39.0,83,0,3.0,NZ,1592459084
Jodhpur,26.29,73.03,100.51,32,12,18.32,IN,1592459198
Makkah al Mukarramah,21.43,39.83,101.68,7,96,8.79,SA,1592459198
Albany,42.6,-73.97,69.01,96,63,1.97,US,1592459086
Cidreira,-30.18,-50.21,62.87,85,75,9.64,BR,1592459084
Bushehr,28.97,50.84,89.6,49,0,11.41,IR,1592459199
Port Elizabeth,-33.92,25.57,46.4,81,0,3.36,ZA,1592459110
Ilulissat,69.22,-51.1,33.8,86,4,3.36,GL,1592459086
Awjilah,29.11,21.29,73.47,49,0,0.92,LY,1592459199
Baharly,38.44,57.43,89.13,12,0,13.31,TM,1592459199
Cairns,-16.92,145.77,75.0,88,90,16.11,AU,1592459199
Touros,-5.2,-35.46,69.8,100,8,4.7,BR,1592459199
Jiuquan,39.74,98.52,91.92,11,87,12.15,CN,1592459199
Punta Arenas,-53.15,-70.92,30.2,92,0,4.7,CL,1592459087
Guerrero Negro,27.98,-114.06,62.55,87,0,13.96,MX,1592459109
Vila Velha,-20.33,-40.29,64.4,93,46,3.36,BR,1592459095
Fuzhou,26.06,119.31,89.6,62,96,20.13,CN,1592459199
Zyryanka,65.75,150.85,85.91,25,36,4.36,RU,1592459199
Acapulco de Juárez,16.86,-99.89,80.22,76,0,4.72,MX,1592459025
Nagykálló,47.87,21.84,66.2,88,75,4.7,HU,1592459199
Avera,33.19,-82.53,64.4,81,90,5.08,US,1592459112
Tiksi,71.69,128.87,58.3,49,95,4.74,RU,1592459089
Sitka,57.05,-135.33,53.6,87,90,4.94,US,1592459101
Mar del Plata,-38.0,-57.56,59.0,100,90,9.17,AR,1592459088
Havelock,34.88,-76.9,73.0,88,1,7.27,US,1592459200
Murgab,37.5,61.97,86.0,25,0,9.17,TM,1592459200
Panama City,8.99,-79.52,78.8,88,92,1.12,PA,1592458917
Pevek,69.7,170.31,42.98,65,97,11.43,RU,1592459088
Carnarvon,-24.87,113.63,73.4,64,51,14.99,AU,1592459096
Iqaluit,63.75,-68.51,37.4,74,90,6.93,CA,1592458918
Burnie,-41.07,145.92,54.0,73,98,5.99,AU,1592459200
Lata,40.16,-8.33,59.0,91,21,1.88,PT,1592459200
Geraldton,-28.77,114.6,66.2,55,40,14.99,AU,1592459112
Lagoa,39.05,-27.98,62.55,78,90,7.74,PT,1592459117
Norman Wells,65.28,-126.83,73.4,46,20,4.7,CA,1592458837
Villacarrillo,38.12,-3.08,59.94,54,0,1.01,ES,1592459201
Hithadhoo,-0.6,73.08,83.97,77,47,10.8,MV,1592459085
Qaanaaq,77.48,-69.36,28.08,95,57,1.16,GL,1592459093
Esperance,-33.87,121.9,59.0,58,40,21.92,AU,1592459095
Melilla,35.29,-2.94,73.4,46,64,2.24,ES,1592459201
Los Llanos de Aridane,28.66,-17.92,68.0,72,20,6.93,ES,1592459106
Sinfra,6.62,-5.92,69.8,100,90,3.18,CI,1592459201
Te Anau,-45.42,167.72,37.06,83,7,5.75,NZ,1592459105
Dikson,73.51,80.55,32.83,93,7,8.25,RU,1592459086
Kiunga,-6.12,141.29,85.14,72,47,2.44,PG,1592459202
Ancud,-41.87,-73.82,50.0,100,90,21.92,CL,1592459086
Port-Cartier,50.03,-66.87,66.2,77,75,3.36,CA,1592459202
Half Moon Bay,37.46,-122.43,71.01,87,90,3.36,US,1592459092
Talnakh,69.49,88.4,48.2,36,100,4.47,RU,1592459130
Tasiilaq,65.61,-37.64,39.2,80,100,25.28,GL,1592459088
Avarua,-21.21,-159.78,71.6,68,2,10.29,CK,1592459090
Pangnirtung,66.15,-65.71,32.27,94,25,0.96,CA,1592459102
Merauke,-8.47,140.33,83.7,72,50,15.5,ID,1592459202
Sinnamary,5.38,-52.95,77.05,87,100,5.75,GF,1592458817
Bethel,41.37,-73.41,64.4,93,90,6.93,US,1592459114
Lampazos de Naranjo,27.02,-100.52,80.78,70,99,14.16,MX,1592459202
Ostrovnoy,68.05,39.51,50.77,67,42,10.16,RU,1592459104
Kwinana,-32.25,115.77,64.0,63,75,14.99,AU,1592459203
Nha Trang,12.25,109.18,93.2,59,20,9.17,VN,1592459203
Kensington,-33.92,151.22,63.0,55,40,8.05,AU,1592459203
Hamilton,39.18,-84.53,68.0,82,1,2.53,US,1592459055
Castro,-24.79,-50.01,54.72,96,76,5.95,BR,1592459089
Celestún,20.87,-90.4,78.33,85,2,8.41,MX,1592459203
Kaeo,-35.1,173.78,55.0,3,9,5.99,NZ,1592459203
Port Blair,11.67,92.75,86.4,75,91,15.28,IN,1592459113
Vao,-22.67,167.48,72.12,81,93,13.62,NC,1592459125
Kavieng,-2.57,150.8,85.86,68,27,8.3,PG,1592459098
Paicol,2.45,-75.78,66.54,79,71,3.47,CO,1592459203
Lanzhou,36.06,103.79,78.8,15,20,6.71,CN,1592459104
Waingapu,-9.66,120.26,83.46,61,46,18.23,ID,1592459204
Hilo,19.73,-155.09,78.8,74,75,5.82,US,1592459084
Karratha,-20.74,116.85,81.75,35,0,8.39,AU,1592459087
Dingle,11.0,122.67,88.09,66,100,2.51,PH,1592459087
Puerto Suárez,-18.95,-57.8,72.1,63,56,5.19,BO,1592459204
Macas,-2.32,-78.12,64.0,80,42,3.04,EC,1592459204
Kindersley,51.47,-109.17,50.0,93,90,12.75,CA,1592459204
Uyuni,-20.46,-66.83,37.63,56,52,11.25,BO,1592459204
Mossamedes,-15.2,12.15,71.47,51,0,4.54,AO,1592459204
Shingū,33.73,135.98,64.4,100,75,2.24,JP,1592459090
Baraut,29.1,77.27,98.6,56,0,4.7,IN,1592459204
Pihānī,27.63,80.2,93.42,51,86,11.43,IN,1592459204
Yar-Sale,66.83,70.83,45.03,56,73,15.61,RU,1592459092
La Asuncion,11.03,-63.86,78.8,100,86,10.29,VE,1592459205
Kashgar,39.45,75.98,82.4,13,17,4.47,CN,1592459205
Verkhoyansk,67.54,133.38,82.51,24,34,10.92,RU,1592459205
Chokurdakh,70.63,147.92,88.65,19,7,11.61,RU,1592459100
Aykhal,66.0,111.5,69.8,32,40,4.47,RU,1592459205
Saskylakh,71.92,114.08,65.1,51,84,5.41,RU,1592459092
Flinders,-34.58,150.86,61.0,59,67,5.99,AU,1592459205
Tuatapere,-46.13,167.68,39.0,83,2,3.0,NZ,1592459101
Pisco,-13.7,-76.22,59.0,93,40,6.93,PE,1592459095
Nadym,65.53,72.52,47.19,53,40,13.98,RU,1592459112
Arlit,18.74,7.39,83.91,12,0,8.25,NE,1592458834
Vardø,70.37,31.11,55.4,76,2,8.05,NO,1592459090
Hammerfest,70.66,23.68,50.0,66,32,10.29,NO,1592459206
Port Alfred,-33.59,26.89,53.01,72,0,1.01,ZA,1592459083
Khovd,48.01,91.64,76.84,26,98,6.02,MN,1592459120
Oxford,51.75,-1.26,57.2,100,75,5.82,GB,1592458912
Taltal,-25.4,-70.48,59.52,58,8,4.14,CL,1592459122
San Luis,-33.3,-66.34,40.86,69,11,1.68,AR,1592459206
New Norfolk,-42.78,147.06,46.99,77,70,1.66,AU,1592459094
Haimen,23.19,116.61,89.6,66,40,8.95,CN,1592459206
Tuy Hoa,13.08,109.3,92.91,51,1,5.59,VN,1592459116
Pajapan,18.25,-94.7,76.19,88,15,3.76,MX,1592459206
Neiafu,-18.65,-173.98,75.2,78,40,10.29,TO,1592459123
Kaitangata,-46.28,169.85,43.0,59,45,3.0,NZ,1592459096
Tagusao,9.19,117.81,88.16,62,26,2.51,PH,1592459122
Kapaa,22.08,-159.32,78.8,78,75,13.87,US,1592459101
Cabo San Lucas,22.89,-109.91,84.99,40,71,13.98,MX,1592459116
Chimbote,-9.09,-78.58,63.52,84,79,6.35,PE,1592459207
Thinadhoo,0.53,72.93,84.42,72,34,6.13,MV,1592459116
Hidrolândia,-4.41,-40.44,72.64,83,33,2.33,BR,1592459107
São Filipe,14.9,-24.5,77.23,71,2,6.76,CV,1592459106
Alyangula,-13.85,136.42,84.2,58,40,11.41,AU,1592459207
La Ronge,55.1,-105.28,50.0,66,75,11.41,CA,1592459207
Vila Franca do Campo,37.72,-25.43,62.6,77,75,4.7,PT,1592459121
Parakai,-36.65,174.43,57.99,98,35,2.89,NZ,1592459207
Terrace Bay,48.78,-87.1,49.37,87,0,2.93,CA,1592459207
Yacuiba,-22.04,-63.68,63.1,79,82,3.53,BO,1592459207
Grindavik,63.84,-22.43,48.2,70,75,17.22,IS,1592459111
Tshikapa,-6.42,20.8,66.29,44,12,4.7,CD,1592459208
Nemuro,43.32,145.57,57.2,93,75,6.93,JP,1592459118
Nanortalik,60.14,-45.24,37.18,86,33,7.52,GL,1592459099
Lashio,22.93,97.75,75.43,86,100,2.37,MM,1592459208
Mackay,-21.15,149.2,71.6,78,75,19.46,AU,1592459098
Limenaria,40.63,24.58,71.01,82,20,4.7,GR,1592459208
Abu Dhabi,24.47,54.37,95.0,53,1,13.87,AE,1592458896
Lucapa,-8.42,20.74,58.87,51,2,5.64,AO,1592459208
Ust'-Koksa,50.27,85.61,64.24,53,69,1.63,RU,1592459208
Atakent,40.85,68.51,83.62,19,28,7.74,KZ,1592459208
Samagaltay,50.6,95.0,77.95,29,90,4.81,RU,1592459209
João Pinheiro,-17.74,-46.17,58.78,81,19,8.84,BR,1592459209
Malbork,54.04,19.03,64.0,93,40,6.93,PL,1592459209
Marshall,34.38,-86.33,63.0,87,1,2.71,US,1592459209
Chui,-33.7,-53.46,68.67,76,100,18.1,UY,1592459087
Arraial do Cabo,-22.97,-42.03,69.15,80,0,17.81,BR,1592459088
Birkeland,58.33,8.23,66.0,93,37,4.7,NO,1592459209
Bungu,-7.63,39.06,74.84,66,23,7.56,TZ,1592459209
Kahului,20.89,-156.47,80.6,61,40,16.11,US,1592459093
Beyla,8.68,-8.63,68.99,97,92,3.11,GN,1592459209
Cham,47.18,8.46,55.99,93,0,0.92,CH,1592459209
Longyearbyen,78.22,15.64,39.2,80,75,5.82,SJ,1592458929
San Patricio,19.22,-104.7,79.68,64,17,2.93,MX,1592459126
Stornoway,58.21,-6.39,55.0,100,64,3.36,GB,1592459089
Roebourne,-20.78,117.13,81.45,35,0,6.91,AU,1592459210
Hong Kong,22.29,114.16,90.0,71,21,7.0,HK,1592459100
Honningsvåg,70.98,25.97,51.8,53,67,10.29,NO,1592459210
Pingliang,35.54,106.69,84.69,22,0,10.0,CN,1592459210
Dakar,14.69,-17.44,80.6,83,40,4.7,SN,1592459210
Puerto Quijarro,-17.78,-57.77,70.52,65,15,4.65,BO,1592459210
Taclobo,12.31,122.59,85.57,66,100,1.7,PH,1592459210
Batagay,67.63,134.63,83.41,22,26,8.1,RU,1592459210
Zhengjiatun,43.51,123.51,82.0,34,100,12.57,CN,1592459210
Harper,4.38,-7.72,76.93,85,100,9.1,LR,1592459095
Severo-Kuril'sk,50.68,156.12,45.59,84,68,4.97,RU,1592459103
Bukachacha,52.98,116.92,74.59,28,12,7.02,RU,1592459210
Saint George,37.1,-113.58,78.8,14,1,23.04,US,1592458944
Dire Dawa,9.59,41.87,77.32,51,82,16.82,ET,1592459211
Khuzhir,53.19,107.34,51.49,62,4,8.3,RU,1592459211
Lorengau,-2.02,147.27,85.51,72,9,10.56,PG,1592459112
Puerto Ayacucho,5.66,-67.62,74.62,93,100,4.27,VE,1592459211
Sibolga,1.74,98.78,79.75,76,96,5.88,ID,1592459123
Bathsheba,13.22,-59.52,80.6,78,20,11.41,BB,1592459113
Timiryazevskiy,56.49,84.88,64.4,63,20,4.56,RU,1592459211
Itoman,26.12,127.67,87.8,79,75,12.75,JP,1592458850
Souillac,-20.52,57.52,71.6,78,75,18.34,MU,1592459110
Dwārka,22.24,68.97,88.81,68,37,9.44,IN,1592458879
Mbandaka,0.05,18.26,71.26,67,84,0.54,CD,1592459212
Saint-Louis,16.33,-15.0,83.97,42,0,10.58,SN,1592459212
São João da Barra,-21.64,-41.05,67.86,75,14,5.28,BR,1592458810
Basoko,1.24,23.62,76.26,79,79,0.51,CD,1592459212
Krutaya Gorka,55.36,73.22,55.4,71,75,15.66,RU,1592459212
Joshīmath,30.57,79.57,79.29,29,6,8.01,IN,1592459212
Zapolyarnyy,69.42,30.81,51.8,66,38,4.7,RU,1592459212
Dawlatabad,36.41,64.91,88.29,12,0,8.48,AF,1592459212
Saint-Philippe,-21.36,55.77,70.0,77,93,24.16,RE,1592459093
Marabu,4.41,114.01,87.8,70,75,11.41,MY,1592459212
Farmington,36.73,-108.22,71.6,12,1,9.17,US,1592459212
Gornopravdinsk,60.05,69.9,55.2,42,55,9.78,RU,1592459213
Quechultenango,17.42,-99.22,71.31,84,16,2.57,MX,1592459213
Skjervøy,70.03,20.97,51.8,76,40,2.24,NO,1592459213
Bumbuna,9.05,-11.73,71.22,96,92,3.94,SL,1592459213
Pelotas,-31.77,-52.34,62.01,91,88,9.1,BR,1592459213
San Ramon,37.78,-121.98,72.0,28,1,4.21,US,1592459100
Mulegé,26.88,-111.98,82.71,37,2,2.35,MX,1592459103
Takoradze,4.88,-1.76,76.64,87,87,11.43,GH,1592459213
Mount Gambier,-37.83,140.77,59.0,62,40,17.22,AU,1592459109
Donceel,50.65,5.32,60.01,93,20,9.17,BE,1592459213
Bandarbeyla,9.49,50.81,87.51,49,94,32.26,SO,1592459213
Nishihara,26.18,127.76,87.8,74,75,19.46,JP,1592459214
Laja,-37.27,-72.7,55.4,93,100,23.04,CL,1592459214
Sandnessjøen,66.02,12.63,60.01,72,55,11.41,NO,1592459005
Alta,69.97,23.27,55.4,62,16,4.7,NO,1592459214
Cairo,30.06,31.25,73.4,69,40,10.29,EG,1592458716
Bang Saphan,11.21,99.51,89.6,70,20,6.93,TH,1592459214
Namatanai,-3.67,152.43,83.98,72,11,8.68,PG,1592459214
Tuktoyaktuk,69.45,-133.04,48.2,93,40,8.05,CA,1592459101
Rhodes,36.44,28.22,73.99,88,20,11.41,GR,1592459214
Sept-Îles,50.2,-66.38,66.2,77,75,3.36,CA,1592458922
Kumul,42.8,93.45,97.5,9,64,7.58,CN,1592459214
Bengkulu,-3.8,102.27,84.74,67,41,7.14,ID,1592459097
Menongue,-14.66,17.69,46.92,73,0,6.35,AO,1592459130
Bubaque,11.28,-15.83,80.53,85,78,11.52,GW,1592459215
Diffa,13.32,12.61,83.59,52,83,10.27,NE,1592459215
Umaria,23.53,80.83,93.4,49,64,15.9,IN,1592459215
Ciudad Bolivar,8.12,-63.55,78.78,80,97,10.09,VE,1592459215
Yilan,24.76,121.75,96.8,53,75,11.41,TW,1592459003
Yarmouth,41.71,-70.23,62.6,93,40,3.36,US,1592458968
Thunder Bay,48.4,-89.32,55.99,93,5,6.93,CA,1592458951
Jalu,29.03,21.55,74.03,46,0,0.81,LY,1592459215
Yamada,39.47,141.95,72.32,60,4,9.8,JP,1592459215
Anloga,5.79,0.9,78.8,88,75,10.29,GH,1592459215
Arona,28.1,-16.68,71.6,83,40,8.05,ES,1592459216
Comodoro Rivadavia,-45.87,-67.5,46.4,70,36,3.36,AR,1592459101
Huron,41.15,-82.55,64.0,77,99,4.03,US,1592459216
Coquimbo,-29.95,-71.34,50.0,87,45,3.36,CL,1592459216
Ibaiti,-23.85,-50.19,59.0,99,97,1.99,BR,1592459216
Kavaratti,10.57,72.64,87.8,74,90,9.17,IN,1592459090
Cherskiy,68.75,161.3,79.65,27,48,10.56,RU,1592459098
Pangai,-19.8,-174.35,75.2,69,20,18.34,TO,1592459113
Sri Aman,1.24,111.46,86.0,74,75,3.36,MY,1592459115
Sabang,5.89,95.32,84.15,71,93,3.62,ID,1592459084
Jasper,37.2,-94.35,75.2,69,1,10.29,US,1592459216
Tara,56.89,74.37,52.92,69,100,11.39,RU,1592459217
Nuuk,64.18,-51.72,36.57,83,87,6.69,GL,1592459131
Puerto Escondido,15.85,-97.07,81.55,76,97,3.33,MX,1592459106
Rocha,-34.48,-54.33,69.82,76,100,17.63,UY,1592459118
Omboué,-1.57,9.26,71.96,92,77,3.11,GA,1592459217
Esna,25.29,32.55,87.8,48,0,9.17,EG,1592459217
Manokwari,-0.87,134.08,84.47,70,17,8.25,ID,1592459011
Shumyachi,53.86,32.42,71.98,76,1,8.57,RU,1592459217
Krasnosel'kup,65.7,82.47,52.93,42,100,10.56,RU,1592459217
Warrington,53.39,-2.58,59.0,93,92,10.29,GB,1592459217
Canto do Buriti,-8.11,-42.94,69.04,63,24,8.08,BR,1592459217
Laguna,38.42,-121.42,72.0,40,1,6.93,US,1592459107
Eirunepé,-6.66,-69.87,72.21,83,24,1.03,BR,1592459217
Belyy Yar,53.6,91.39,75.2,47,39,4.47,RU,1592459218
Kloulklubed,7.04,134.26,84.2,79,75,12.75,PW,1592459218
Marzuq,14.4,46.47,91.92,14,29,3.4,YE,1592459218
Lábrea,-7.26,-64.8,73.8,77,68,1.97,BR,1592459218
Saint Paul Harbor,57.79,-152.41,50.0,87,90,11.41,US,1592459089
Laredo,27.51,-99.51,82.4,74,1,17.22,US,1592459218
Manadhoo,5.77,73.38,84.38,78,51,10.87,MV,1592459218
Mount Isa,-20.73,139.5,80.6,34,40,10.29,AU,1592459218
Fairbanks,64.84,-147.72,73.4,28,75,17.22,US,1592459038
Dhidhdhoo,6.88,73.1,84.47,79,99,13.15,MV,1592459218
Chegdomyn,51.12,133.02,68.77,33,95,0.58,RU,1592459218
Dubica,45.18,16.81,66.2,77,42,2.24,BA,1592459219
Emerald,-23.53,148.17,77.0,38,0,11.41,AU,1592459219
Ushtobe,45.25,77.98,76.51,31,0,16.02,KZ,1592459095
Vienna,48.21,16.37,64.4,72,75,21.92,AT,1592459184
Khatanga,71.97,102.5,57.76,35,92,3.6,RU,1592459095
Anadyr,64.75,177.48,69.8,40,20,11.18,RU,1592459219
Esim,4.87,-2.24,76.66,87,96,11.72,GH,1592459219
Ust'-Ishim,57.69,71.17,58.21,38,92,12.1,RU,1592459219
Ixtapa,20.7,-105.2,79.0,81,1,0.85,MX,1592458996
Ndola,-12.96,28.64,55.29,66,0,9.64,ZM,1592459219
Port-Gentil,-0.72,8.78,73.4,94,75,6.93,GA,1592459098
Saldanha,-33.01,17.94,44.6,75,0,4.7,ZA,1592459103
Kastraki,39.72,21.62,57.99,87,0,5.35,GR,1592459219
Anking,30.51,117.05,74.64,86,98,4.16,CN,1592459219
Gushikawa,26.35,127.87,87.8,79,20,20.8,JP,1592459220
Narrabri,-30.32,149.78,66.99,52,90,11.41,AU,1592459220
Torbay,47.67,-52.73,57.99,67,90,20.8,CA,1592459109
Little Current,45.98,-81.92,55.17,67,0,2.73,CA,1592459220
Buritama,-21.07,-50.15,66.07,69,65,10.94,BR,1592459220
Wewak,-3.55,143.63,83.68,74,5,7.78,PG,1592459108
Rio Grande,-32.03,-52.1,63.0,91,91,4.0,BR,1592458834
Olafsvik,64.89,-23.71,47.95,77,100,17.69,IS,1592459220
Atar,20.52,-13.05,89.04,27,0,12.46,MR,1592459220
Mamit,23.93,92.48,82.4,78,75,11.41,IN,1592459220
Juneau,58.3,-134.42,53.6,93,90,3.51,US,1592458934
Port Hardy,50.7,-127.42,55.4,82,75,3.36,CA,1592459220
Smirnykh,49.75,142.83,48.2,91,100,2.75,RU,1592459220
Teya,60.38,92.63,73.29,28,0,10.56,RU,1592459129
Jacareacanga,-6.22,-57.75,71.8,82,72,0.63,BR,1592459221
Imeni Zhelyabova,58.95,36.6,70.39,70,5,5.68,RU,1592459221
Tiznit Province,29.58,-9.5,61.74,69,11,0.87,MA,1592459084
Buchanan,5.88,-10.05,73.4,94,75,9.46,LR,1592459221
Kununurra,-15.77,128.73,87.8,26,0,10.29,AU,1592459096
Brigham City,41.51,-112.02,48.2,76,1,4.18,US,1592459221
Haines Junction,60.75,-137.51,52.25,65,94,4.27,CA,1592459090
Codrington,-38.27,141.97,57.0,72,91,10.29,AU,1592459103
Azuaga,38.27,-5.68,54.0,74,0,4.0,ES,1592459221
Lüderitz,-26.65,15.16,69.15,24,0,23.82,NA,1592459111
Wenling,28.37,121.36,88.0,37,98,15.03,CN,1592459221
Eilenburg,51.46,12.63,66.99,82,76,9.17,DE,1592459221
Korla,41.76,86.15,90.46,13,69,4.32,CN,1592459127
Huangyan,28.65,121.26,102.99,47,93,4.0,CN,1592459222
Leningradskiy,69.38,178.42,50.09,50,100,7.83,RU,1592459111
Tema,5.67,-0.02,78.8,94,75,6.93,GH,1592459222
Salalah,17.02,54.09,87.8,74,75,5.82,OM,1592459099
Samarai,-10.62,150.67,79.68,83,78,19.57,PG,1592459222
Piranhas,-16.43,-51.82,63.64,73,1,2.89,BR,1592459222
Yumen,40.28,97.2,91.09,10,98,10.94,CN,1592459114
Prainha,-1.8,-53.48,73.87,92,64,1.25,BR,1592459112
Luebo,-5.35,21.42,64.58,47,25,1.83,CD,1592459222
Beavercreek,39.71,-84.06,66.2,68,40,4.18,US,1592459222
Bonanza,14.03,-84.59,72.48,97,99,1.63,NI,1592459223
Isangel,-19.55,169.27,73.45,72,9,10.27,VU,1592459101
Praia da Vitória,38.73,-27.07,62.6,88,75,7.14,PT,1592459223
Nara,34.69,135.8,72.0,83,75,3.36,JP,1592458991
Grandview,38.89,-94.53,75.99,78,1,11.41,US,1592458992
Shumskiy,54.83,99.13,72.66,44,0,9.4,RU,1592459223
Ishigaki,24.34,124.16,89.6,79,75,20.8,JP,1592459104
Ossora,59.24,163.07,60.84,59,49,5.35,RU,1592459223
Coroico,-16.19,-67.73,37.4,32,29,4.7,BO,1592459223
Koāth,25.32,84.27,82.38,75,100,7.78,IN,1592459223
Kiryat Gat,31.61,34.76,78.01,64,0,4.0,IL,1592459223
Verkhnevilyuysk,63.45,120.32,68.77,63,79,8.19,RU,1592459095
Myitkyina,25.38,97.4,78.13,94,100,1.45,MM,1592459113
Sterlibashevo,53.44,55.26,62.96,60,1,12.64,RU,1592459223
Yemtsa,63.07,40.33,63.43,39,0,3.65,RU,1592459224
Xingyi,24.19,102.82,75.13,77,93,4.97,CN,1592459224
Bambous Virieux,-20.34,57.76,73.0,78,75,18.34,MU,1592459094
Tapah,4.2,101.26,87.8,70,40,2.24,MY,1592459224
Zarechnyy,53.2,45.19,73.99,41,0,7.49,RU,1592459224
Kanye,-24.97,25.33,42.51,88,4,8.01,BW,1592459224
Baghdad,33.34,44.4,91.4,31,0,19.46,IQ,1592458985
Taoudenni,22.68,-3.98,93.29,20,0,17.47,ML,1592459089
Alofi,-19.06,-169.92,71.6,73,1,9.17,NU,1592459092
Turukhansk,65.82,87.98,42.71,91,100,12.95,RU,1592459224
Anito,12.45,125.29,87.28,68,89,8.48,PH,1592459224
Lompoc,34.64,-120.46,55.4,87,0,5.82,US,1592459093
Lana,46.61,11.16,60.8,87,75,2.24,IT,1592459225
Port Lincoln,-34.73,135.87,64.33,49,100,16.51,AU,1592459017
Kimbe,-5.55,150.14,87.04,65,13,6.44,PG,1592459121
Los Pozos,8.45,-62.73,77.0,90,94,6.08,VE,1592459225
Bataiporã,-22.3,-53.27,66.42,73,99,9.13,BR,1592459225
Fortuna,40.6,-124.16,54.0,87,1,3.74,US,1592459010
Otavi,-19.65,17.33,50.05,55,0,9.89,NA,1592459225
Fukuechō,32.69,128.84,75.2,100,75,14.99,JP,1592459225
Usinsk,65.99,57.53,42.58,64,100,13.35,RU,1592459225
Topolëvo,48.5,135.2,60.8,59,75,13.42,RU,1592459225
Barranca,-10.75,-77.77,62.53,83,82,4.7,PE,1592459226
Sinop Province,41.77,34.87,71.6,88,75,1.12,TR,1592459168
Chimoio,-19.12,33.48,55.4,100,75,8.05,MZ,1592459226
Lakselv,70.05,24.97,59.0,47,36,17.22,NO,1592459226
Havre-St-Pierre,50.23,-63.6,55.4,82,90,3.36,CA,1592459226
Hirara,24.8,125.28,89.6,70,75,21.92,JP,1592459161
Niquero,20.04,-77.58,79.25,82,93,6.76,CU,1592459226
Eyl,7.98,49.82,88.81,40,54,33.38,SO,1592459102
Taksimo,56.34,114.88,65.75,41,45,3.87,RU,1592459226
Salamiyah,35.01,37.05,83.43,25,0,13.85,SY,1592459226
Champerico,14.3,-91.92,79.61,79,99,5.37,GT,1592459227
Carinhanha,-14.3,-43.77,64.72,82,34,5.14,BR,1592459227
Kieta,-6.22,155.63,83.41,77,58,6.46,PG,1592459227
Porbandar,21.64,69.61,91.4,63,40,9.1,IN,1592458928
Conceição do Araguaia,-8.26,-49.26,75.78,63,80,2.26,BR,1592458919
Antsohihy,-14.88,47.99,78.04,47,2,15.66,MG,1592459227
Yibin,28.77,104.62,91.72,44,82,2.04,CN,1592459227
City of San Pedro,14.35,121.02,95.0,59,40,8.05,PH,1592459227
Genhe,50.78,121.52,66.72,63,90,6.15,CN,1592459227
Mareeba,-17.0,145.43,75.0,78,89,5.99,AU,1592459130
Mikhaylovka,50.06,43.24,80.01,47,0,8.01,RU,1592459120
Opuwo,-18.06,13.84,51.67,58,0,10.0,NA,1592458853
Nizhniy Kuranakh,58.84,125.49,72.37,56,89,5.39,RU,1592459228
Icod de los Vinos,28.37,-16.71,71.01,71,17,1.01,ES,1592459228
Patacamaya,-17.23,-67.92,38.75,59,1,2.17,BO,1592459228
Arrondissement de Rennes,48.17,-1.67,55.0,100,75,4.7,FR,1592459228
Örnsköldsvik,63.29,18.72,60.8,82,100,4.7,SE,1592459228
Barabai,-2.58,115.38,89.89,60,43,1.32,ID,1592459228
Boca do Acre,-8.75,-67.4,71.33,80,15,1.43,BR,1592459228
Aklavik,68.22,-135.01,60.8,67,75,5.82,CA,1592459124
Aswān,24.09,32.91,93.34,23,0,18.01,EG,1592459229
Portland,45.52,-122.68,63.0,73,40,5.61,US,1592458924
Taft,31.75,54.21,93.2,10,40,9.17,IR,1592459229
Visby,57.64,18.3,60.01,93,6,5.82,SE,1592459229
Trincomalee,8.57,81.23,91.15,61,90,10.89,LK,1592459229
Novikovo,51.15,37.89,72.23,67,0,7.58,RU,1592459229
Evansville,37.97,-87.56,68.0,82,1,3.38,US,1592459012
Vypolzovo,57.88,33.7,72.82,75,91,4.88,RU,1592459229
Almaznyy,48.04,40.05,69.8,60,20,11.18,RU,1592459229
Visnes,59.36,5.22,57.0,93,90,5.82,NO,1592459130
Kenai,60.55,-151.26,59.0,54,1,8.05,US,1592458925
Saint-François,46.42,3.91,57.2,76,44,4.7,FR,1592459115
Zhangye,38.93,100.45,91.22,11,96,5.59,CN,1592459182
Huangmei,30.19,116.03,80.26,73,94,7.85,CN,1592459230
Sisimiut,66.94,-53.67,35.74,84,52,5.99,GL,1592459230
São José da Coroa Grande,-8.9,-35.15,75.67,83,32,12.57,BR,1592459230
Padre Bernardo,-15.35,-48.5,58.82,87,0,3.47,BR,1592459230
Christchurch,-43.53,172.63,48.99,93,100,12.75,NZ,1592459219
Matagami,49.75,-77.63,73.4,60,1,4.7,CA,1592459230
Kupino,54.37,77.3,71.33,59,19,12.37,RU,1592459230
Grand Gaube,-20.01,57.66,73.0,78,42,13.0,MU,1592459230
Port Augusta,-32.5,137.77,68.0,32,4,21.92,AU,1592459130
Salinópolis,-0.61,-47.36,76.87,86,2,7.99,BR,1592459230
Gohānd,25.7,79.55,104.43,26,51,10.2,IN,1592459231
Mayumba,-3.43,10.66,72.48,88,62,1.97,GA,1592459231
Krosno Odrzańskie,52.05,15.1,66.99,37,99,5.37,PL,1592459231
San Quintín,30.48,-115.95,61.61,86,4,7.92,MX,1592459093
Nísia Floresta,-6.09,-35.21,71.6,88,40,4.7,BR,1592459231
Mishan,45.55,131.88,64.94,66,80,9.01,CN,1592459231
Ouadda,8.08,22.4,71.2,89,89,3.96,CF,1592459231
Arrondissement de Reims,49.17,4.08,55.4,100,14,2.24,FR,1592459231
Kalvarija,54.4,23.23,69.24,90,39,10.09,LT,1592459231
Acaraú,-2.89,-40.12,75.31,88,9,11.95,BR,1592459231
Sayyan,15.17,44.32,74.46,19,0,0.87,YE,1592459231
Agadez,19.75,10.25,80.1,19,0,11.83,NE,1592459125
High Level,58.52,-117.14,51.8,87,1,5.82,CA,1592459127
Kananga,-5.9,22.42,66.4,45,28,5.53,CD,1592459232
Xinzhi,36.5,111.7,85.51,38,0,7.49,CN,1592459232
Iquitos,-3.75,-73.25,71.6,95,61,1.1,PE,1592459232
Oranjestad,12.52,-70.03,82.4,78,20,19.46,AW,1592459232
Ahipara,-35.17,173.17,56.3,85,39,9.31,NZ,1592459232
Wamba,8.93,8.6,72.7,93,100,0.98,NG,1592459232
Mafeteng,-29.82,27.24,36.14,84,38,2.48,LS,1592459232
Padang,-0.95,100.35,84.25,72,76,4.54,ID,1592459092
Chambas,22.19,-78.91,77.0,100,99,3.36,CU,1592459232
Cockburn Town,21.46,-71.14,81.79,80,2,17.87,TC,1592459232
Cururupu,-1.83,-44.87,72.95,95,9,2.77,BR,1592459232
Farafenni,13.57,-15.6,79.12,77,48,9.22,GM,1592459233
Geneva,41.89,-88.31,70.0,56,1,4.7,US,1592459002
Aragarças,-15.9,-52.25,64.06,76,15,3.27,BR,1592459233
Bogorodskoye,56.55,37.88,68.79,89,100,2.21,RU,1592459233
Sakaraha,-22.9,44.53,64.35,51,0,7.7,MG,1592459233
Valle Hermoso,25.67,-97.83,79.0,83,1,5.82,MX,1592459233
Tabas,33.6,56.92,95.0,13,0,2.24,IR,1592459233
Labuhan,-6.88,112.21,88.0,60,0,8.48,ID,1592459233
Inverness,57.48,-4.22,55.4,93,90,1.21,GB,1592459233
Ukiah,39.15,-123.21,71.6,40,1,3.27,US,1592458955
Mehamn,71.04,27.85,53.6,54,95,11.41,NO,1592459094
Pittsburg,38.03,-121.88,73.0,35,0,8.7,US,1592459233
Sittwe,20.15,92.9,81.61,84,100,7.38,MM,1592459234
Whitehorse,60.72,-135.05,55.4,54,75,14.99,CA,1592459102
Barillas,15.8,-91.32,63.41,94,100,1.14,GT,1592459234
Emba,48.83,58.14,79.61,36,0,13.42,KZ,1592459234
Kincardine,56.07,-3.72,53.01,100,90,8.05,GB,1592459234
Cartagena,10.4,-75.51,79.56,86,63,11.41,CO,1592459234
Peniche,39.36,-9.38,61.0,83,0,5.01,PT,1592459234
Chamba,32.57,76.13,91.85,16,1,7.58,IN,1592459234
Mariestad,58.71,13.82,64.0,100,0,3.42,SE,1592459234
Tomiya,38.39,140.89,80.6,68,75,11.41,JP,1592459234
Tura,25.52,90.22,77.14,94,100,8.08,IN,1592459234
Outram,1.28,103.84,84.2,74,75,4.7,MY,1592459111
Margate,51.38,1.39,59.0,98,100,1.99,GB,1592458832
Chicama,-7.84,-79.15,64.44,81,32,3.49,PE,1592459111
Tilichiki,60.47,166.1,56.34,75,71,5.1,RU,1592459113
Ucluelet,48.93,-125.55,55.0,85,99,7.27,CA,1592459235
Wanaka,-44.7,169.15,34.61,87,84,6.04,NZ,1592459235
Veseloyarsk,51.28,81.11,66.81,58,92,13.11,RU,1592459235
El Salvador,13.83,-88.92,78.8,88,20,2.24,SV,1592458991
Abilene,32.45,-99.73,82.4,51,1,13.87,US,1592459235
Kolvereid,64.87,11.6,59.0,87,60,4.7,NO,1592459235
Seydi,39.48,62.91,86.83,13,0,14.2,TM,1592459235
Myaundzha,63.05,147.19,74.01,31,98,9.48,RU,1592459235
Sistranda,63.73,8.83,59.0,82,40,5.82,NO,1592459235
Selfoss,63.93,-21.0,42.01,93,100,1.01,IS,1592459236
Doda,33.13,75.57,91.62,14,0,5.37,IN,1592459236
Barra Patuca,15.8,-84.28,79.34,88,97,7.34,HN,1592459236
Lagos,6.58,3.75,77.0,94,75,1.41,NG,1592459236
Zhigansk,66.77,123.37,71.58,45,6,5.17,RU,1592459103
Sorong,-0.88,131.25,84.42,75,0,4.16,ID,1592459236
Hofn,64.25,-15.21,45.64,78,14,10.63,IS,1592459120
Gamba,-2.65,10.0,71.4,91,74,1.39,GA,1592459236
Kysyl-Syr,63.9,122.76,82.11,37,35,3.67,RU,1592459117
Poum,-20.23,164.02,74.75,80,100,11.9,NC,1592459236
Khargone,21.82,75.6,93.56,48,58,15.28,IN,1592459236
Dunedin,-45.87,170.5,43.0,70,40,5.99,NZ,1592459162
Klaksvík,62.23,-6.59,48.2,100,100,2.24,FO,1592459110
Riverton,40.52,-111.94,53.6,62,1,9.17,US,1592459237
Vostochnyy,55.82,37.87,80.01,69,51,4.47,RU,1592459140
Muscat,23.61,58.59,91.4,84,65,5.82,OM,1592459237
Benton Harbor,42.12,-86.45,63.0,82,1,3.36,US,1592459237
Beloha,-25.17,45.05,67.57,60,21,14.0,MG,1592458840
Leer,8.3,30.14,76.15,84,96,4.29,SS,1592459237
Kyra,49.58,111.98,75.38,31,20,6.31,RU,1592459119
Abu Samrah,35.3,37.18,84.02,25,0,13.47,SY,1592459237
Gonzales,30.24,-90.92,70.0,88,0,4.0,US,1592459183
Shediac,46.22,-64.54,60.8,59,5,9.17,CA,1592459237
Miyako,39.64,141.95,68.95,70,33,7.05,JP,1592459237
Pacific Grove,36.62,-121.92,64.4,55,1,4.7,US,1592459083
Aberdeen,57.14,-2.1,50.0,100,90,2.24,GB,1592459132
Bandar,2.05,99.75,78.57,92,97,3.33,ID,1592459238
Husavik,66.04,-17.34,44.6,81,94,5.82,IS,1592459102
Atambua,-9.11,124.89,81.45,60,58,4.34,ID,1592459238
Yatou,37.15,122.38,69.33,79,100,9.6,CN,1592459238
Byron Bay,-28.65,153.62,68.0,64,90,17.22,AU,1592459238
Hervey Bay,-25.3,152.85,72.0,63,16,7.0,AU,1592459238
San Cristobal,7.77,-72.22,65.3,92,43,1.99,VE,1592459238
Katangli,51.71,143.23,41.56,94,100,11.27,RU,1592459238
Pandamatenga,-18.53,25.63,49.77,79,0,9.82,BW,1592459238
Satipo,-11.25,-74.64,70.05,83,80,0.47,PE,1592459238
Prudentópolis,-25.21,-50.98,55.53,98,95,1.28,BR,1592459239
Naze,28.37,129.48,87.8,74,75,21.92,JP,1592458971
Natal,-5.79,-35.21,71.6,88,40,4.7,BR,1592459061
Rzeszów,50.04,22.0,63.0,93,90,5.82,PL,1592459101
Nur-Sultan,51.18,71.45,71.6,46,75,8.95,KZ,1592459239
Kualakapuas,-3.01,114.39,89.6,62,40,10.29,ID,1592459239
Otegen Batyra,43.43,77.02,73.4,27,40,6.71,KZ,1592459239
Poso,-1.4,120.75,86.27,58,99,5.46,ID,1592459239
Zhanakorgan,43.91,67.25,83.44,16,0,5.68,KZ,1592459195
